Business,URL
"Luleborë Flowers",https://darien-cepani.github.io/ddm/lulebore-flowers
"Dyqan lulesh Sara Flowers & Gifts Shop",https://darien-cepani.github.io/ddm/dyqan-lulesh-sara-flowers-and-gifts-shop
"Don Paulo Flowers",https://darien-cepani.github.io/ddm/don-paulo-flowers
"BOTA E LULEVE",https://darien-cepani.github.io/ddm/bota-e-luleve
"Dyqan Lulesh Shyti's Flower",https://darien-cepani.github.io/ddm/dyqan-lulesh-shytis-flower
"Golden Flowers",https://darien-cepani.github.io/ddm/golden-flowers
"Handmade Ola",https://darien-cepani.github.io/ddm/handmade-ola
"House of Flowers Lori",https://darien-cepani.github.io/ddm/house-of-flowers-lori
"Flower boutique",https://darien-cepani.github.io/ddm/flower-boutique
"Tirana Flowers",https://darien-cepani.github.io/ddm/tirana-flowers
"Bloom Flower Exclusive",https://darien-cepani.github.io/ddm/bloom-flower-exclusive
"hanaflower.al",https://darien-cepani.github.io/ddm/hanaflower-al
"Speaking Roses Albania",https://darien-cepani.github.io/ddm/speaking-roses-albania
"JOAL Flowers",https://darien-cepani.github.io/ddm/joal-flowers
"WoW Flowers",https://darien-cepani.github.io/ddm/wow-flowers
"Floramour",https://darien-cepani.github.io/ddm/floramour
"Blumenhaus Flower Shop",https://darien-cepani.github.io/ddm/blumenhaus-flower-shop
"FRIENDS OF FLOWERS",https://darien-cepani.github.io/ddm/friends-of-flowers
"Flowers shop Angel",https://darien-cepani.github.io/ddm/flowers-shop-angel
"Belfiore",https://darien-cepani.github.io/ddm/belfiore
"Fiore Tirana",https://darien-cepani.github.io/ddm/fiore-tirana
"Castle Of Flower",https://darien-cepani.github.io/ddm/castle-of-flower
"Anabela Flowers",https://darien-cepani.github.io/ddm/anabela-flowers
"IgiFlower",https://darien-cepani.github.io/ddm/igiflower
"New Tirana Flowers",https://darien-cepani.github.io/ddm/new-tirana-flowers
"Eart Flowers & Gifts",https://darien-cepani.github.io/ddm/eart-flowers-and-gifts
"Flowers Elixir Store",https://darien-cepani.github.io/ddm/flowers-elixir-store
"Lujon Flowers",https://darien-cepani.github.io/ddm/lujon-flowers
"D’IVE FLOWERS & EVENTS",https://darien-cepani.github.io/ddm/d-ive-flowers-and-events
"Smell Time Myslym Shyri",https://darien-cepani.github.io/ddm/smell-time-myslym-shyri
"Artflower",https://darien-cepani.github.io/ddm/artflower
"Flowers and Plants DS",https://darien-cepani.github.io/ddm/flowers-and-plants-ds
"Le Rose flowers shop",https://darien-cepani.github.io/ddm/le-rose-flowers-shop
"Fleur de Mel",https://darien-cepani.github.io/ddm/fleur-de-mel
"Lotus Flowers Tiranë",https://darien-cepani.github.io/ddm/lotus-flowers-tirane
"Silvi Flowers Tirane",https://darien-cepani.github.io/ddm/silvi-flowers-tirane
"Family Flowers",https://darien-cepani.github.io/ddm/family-flowers
"FLORUM",https://darien-cepani.github.io/ddm/florum
"Mado Flowers Tirane",https://darien-cepani.github.io/ddm/mado-flowers-tirane
"Bloem Flower Boutique Tirana",https://darien-cepani.github.io/ddm/bloem-flower-boutique-tirana
"Flowers by Des",https://darien-cepani.github.io/ddm/flowers-by-des
"CHARM FLOWERS SHOP",https://darien-cepani.github.io/ddm/charm-flowers-shop
"Lunariaa.eu Flower Café",https://darien-cepani.github.io/ddm/lunariaa-eu-flower-cafe
"Oazi Festiv",https://darien-cepani.github.io/ddm/oazi-festiv
"Tulip Touch Flower Shop in Tirana",https://darien-cepani.github.io/ddm/tulip-touch-flower-shop-in-tirana
"Tirana Colour Wine",https://darien-cepani.github.io/ddm/tirana-colour-wine
"Floral Fantasy",https://darien-cepani.github.io/ddm/floral-fantasy
"Dandelion Flower Tirana",https://darien-cepani.github.io/ddm/dandelion-flower-tirana
"Frida Xhoi & Xhei",https://darien-cepani.github.io/ddm/frida-xhoi-and-xhei
"Artifiko Gift Shop",https://darien-cepani.github.io/ddm/artifiko-gift-shop
"The Tea Room",https://darien-cepani.github.io/ddm/the-tea-room
"Geraldina Sposa",https://darien-cepani.github.io/ddm/geraldina-sposa
"Dhurata.com",https://darien-cepani.github.io/ddm/dhurata-com
"Maison D'amour Flowers",https://darien-cepani.github.io/ddm/maison-damour-flowers
"Moon Decor & Flowers",https://darien-cepani.github.io/ddm/moon-decor-and-flowers
"Bloom Flowers",https://darien-cepani.github.io/ddm/bloom-flowers
"Roses flowers",https://darien-cepani.github.io/ddm/roses-flowers
"Daisy flower",https://darien-cepani.github.io/ddm/daisy-flower
"Flowers and Fragrance",https://darien-cepani.github.io/ddm/flowers-and-fragrance
"Sara Flowers Shop",https://darien-cepani.github.io/ddm/sara-flowers-shop
"Flawless Flower Shop",https://darien-cepani.github.io/ddm/flawless-flower-shop
"Flower Shop & Gifts",https://darien-cepani.github.io/ddm/flower-shop-and-gifts
"Paper Flower Tirana",https://darien-cepani.github.io/ddm/paper-flower-tirana
"Daçi Flower",https://darien-cepani.github.io/ddm/daci-flower
"Naço flower",https://darien-cepani.github.io/ddm/naco-flower
